Transaction Hash,Date,From,From_name,From_category,To,To_name,To_category,Value,DOT_USD,Symbol,Acquainted?,Thru
0xcdfef7acb8bd2fa290d632deca5b861abc25cfa43cabd968a89731aa2bbece55,2024-08-29,0xeba76c907f02ba13064edad7876fe51d9d856f62,Public Goods,Public Goods,0x44f00c29a0b8514d017ac20fbdb0aa5078b860ce,gashawk.eth,PG Large Grants,-10000.0,-10000.0,USDC,1,Large Grants Pod
0xb5d8c898f541da004f33da0c26dd939a2d9b61015b3404b839dca92dda344a67,2024-08-30,0xeba76c907f02ba13064edad7876fe51d9d856f62,Public Goods,Public Goods,0x4a8ab737cdb7dc3c56dd59266591b9d2eb1e55ab,borderlessafrica.eth,PG Large Grants,-20000.0,-20000.0,USDC,1,Large Grants Pod
0x34f78c44d1db848e7bd198e669b04f74de49d458b0cda293c75c9f2be5b7e798,2024-08-30,0xeba76c907f02ba13064edad7876fe51d9d856f62,Public Goods,Public Goods,0x4a8ab737cdb7dc3c56dd59266591b9d2eb1e55ab,borderlessafrica.eth,PG Large Grants,-10000.0,-10000.0,USDC,1,Large Grants Pod
0xfd2cde3e802bda1b9200e273728a48debcf4c3304f44c9968fb564f27a864cfc,2024-09-04,0xeba76c907f02ba13064edad7876fe51d9d856f62,Public Goods,Public Goods,0x9531c059098e3d194ff87febb587ab07b30b1306,Rotki,PG Large Grants,-12500.0,-12500.0,USDC,1,Large Grants Pod
0xe7b61a13375d4b0d861b87072a9b0c2eb3af03af9eb9b12f744890e937f57af2,2024-09-04,0xeba76c907f02ba13064edad7876fe51d9d856f62,Public Goods,Public Goods,0xadead18d0612cb0bc46bfcfad77dc07389aa331d,Urbe Campus,PG Large Grants,-5000.0,-5000.0,USDC,1,Large Grants Pod
0xace6d971ba3039d93d1c6c7f4ba1eaebb31d62626394fd279a1d3ad5a3281881,2024-09-09,0xeba76c907f02ba13064edad7876fe51d9d856f62,Public Goods,Public Goods,0x00080706a7d99cbc163d52dcf435205b1ad940d1,buidlguidl.eth,PG Large Grants,-15000.0,-15000.0,USDC,1,Large Grants Pod
0xc8d3a4321a80e5d4a25631ce70e12112e789441f724b3e12d8c40ad52fde835b,2024-09-10,0xeba76c907f02ba13064edad7876fe51d9d856f62,Public Goods,Public Goods,0x00080706a7d99cbc163d52dcf435205b1ad940d1,buidlguidl.eth,PG Large Grants,-5000.0,-5000.0,USDC,1,Large Grants Pod
0xcbe05d196e93137675457403ebda399eaa31e2ae6ff47b2db8a91e8d6a3a1e6b,2024-09-10,0xeba76c907f02ba13064edad7876fe51d9d856f62,Public Goods,Public Goods,0x00080706a7d99cbc163d52dcf435205b1ad940d1,buidlguidl.eth,PG Large Grants,-5000.0,-5000.0,USDC,1,Large Grants Pod
0x86a66bd4a9ddb181d173c3fbf27ba7d2a0b696c2756e03fcc2d05aba72e70973,2024-09-10,0xeba76c907f02ba13064edad7876fe51d9d856f62,Public Goods,Public Goods,0x00080706a7d99cbc163d52dcf435205b1ad940d1,buidlguidl.eth,PG Large Grants,-10000.0,-10000.0,USDC,1,Large Grants Pod
0x63417ab9fe18c8a9cead8fc441c5f60bbca1512c0a715e08fa3dfa3cea8226c8,2024-09-24,0xeba76c907f02ba13064edad7876fe51d9d856f62,Public Goods,Public Goods,0xfa3eff9b199f1903d44aeaab4ff9859638028719,Firefly,PG Large Grants,-20000.0,-20000.0,USDC,1,Large Grants Pod
0x2fb1cdf8fe5e2b64408e05ef4e88249103fd872a32aaac290fa08d253badc2e6,2024-10-02,0xeba76c907f02ba13064edad7876fe51d9d856f62,Public Goods,Public Goods,0xadead18d0612cb0bc46bfcfad77dc07389aa331d,Urbe Campus,PG Large Grants,-5000.0,-5000.0,USDC,1,Large Grants Pod
0x6f77a6589ced5c0ab4b60cc83be382c4fc78561c82f3d6c0dc791cb0a459bb82,2024-10-02,0xeba76c907f02ba13064edad7876fe51d9d856f62,Public Goods,Public Goods,0xadead18d0612cb0bc46bfcfad77dc07389aa331d,Urbe Campus,PG Large Grants,-2500.0,-2500.0,USDC,1,Large Grants Pod
0x3a4fba2e4f527b0b08eebe897fc5c02eec5a2d5228515945d7f286f8d959b339,2024-10-06,0xeba76c907f02ba13064edad7876fe51d9d856f62,Public Goods,Public Goods,0x7950aee3952d6c6297bf349e0d2731a745aabb32,caiomattos.eth,PG Large Grants,-8000.0,-8000.0,USDC,1,Large Grants Pod
0x855c551bc4dfb0af85fdc5a46bd5c2cc208f38714c5262b8ab56643499b4b211,2024-10-16,0xeba76c907f02ba13064edad7876fe51d9d856f62,Public Goods,Public Goods,0x9531c059098e3d194ff87febb587ab07b30b1306,Rotki,PG Large Grants,-12500.0,-12500.0,USDC,1,Large Grants Pod
0x209d4ee4c5f72ced27910830cfe0650262867007f6d7e778358ceb1baea1f642,2024-10-16,0xeba76c907f02ba13064edad7876fe51d9d856f62,Public Goods,Public Goods,0x44f00c29a0b8514d017ac20fbdb0aa5078b860ce,gashawk.eth,PG Large Grants,-10000.0,-10000.0,USDC,1,Large Grants Pod
0x406f363b215faa4a04d92ce1dc1a58889037911947f1a09c64d1875b0aa7475c,2024-10-21,0xeba76c907f02ba13064edad7876fe51d9d856f62,Public Goods,Public Goods,0xadead18d0612cb0bc46bfcfad77dc07389aa331d,Urbe Campus,PG Large Grants,-2500.0,-2500.0,USDC,1,Large Grants Pod
0x7daf762faceb55830f98890b4dd6a7578f9d5e590369e9f2310d1a978fd08038,2024-10-21,0xeba76c907f02ba13064edad7876fe51d9d856f62,Public Goods,Public Goods,0xadead18d0612cb0bc46bfcfad77dc07389aa331d,Urbe Campus,PG Large Grants,-20000.0,-20000.0,USDC,1,Large Grants Pod
0x7ba15a7950049505f63bdc0ef374daa5d46e2d6e96a4ef636d9d42754499407e,2024-11-26,0xeba76c907f02ba13064edad7876fe51d9d856f62,Public Goods,Public Goods,0xadead18d0612cb0bc46bfcfad77dc07389aa331d,Urbe Campus,PG Large Grants,-5000.0,-5000.0,USDC,1,Large Grants Pod
0x1a6289c86e0d36a1931d84d5af033aac21ae9f7c3fcfb4381b03fa9eb7206c0e,2024-11-26,0xeba76c907f02ba13064edad7876fe51d9d856f62,Public Goods,Public Goods,0xfa3eff9b199f1903d44aeaab4ff9859638028719,Firefly,PG Large Grants,-30000.0,-30000.0,USDC,1,Large Grants Pod
0x3447f674b598cf8acf994937f028444487850713879618e4d5694f075b4648af,2022-03-31,0xfe89cc7abb2c4183683ab71653c4cdc9b02d44b7,DAO Wallet,DAO Wallet,0xcd42b4c4d102cc22864e3a1341bb0529c17fd87d,Public Goods,Public Goods,100000.0,100000.0,USDC,1,Direct
0x24b7223f38c76b0725893dddaf6d358ddd611ba57c77043cedaaaf9141418b00,2022-05-26,0xcd42b4c4d102cc22864e3a1341bb0529c17fd87d,Public Goods,Public Goods,0x0457d3ef89435f23d781f97495d1e3e6c93813db,NounsPropHouse,PG Grants,-5000.0,-5000.0,USDC,1,Direct
0x734d6f836c5fc60de499bb2933b24e7e8494cbf26eb598a41ac596e2877de58a,2022-05-26,0xcd42b4c4d102cc22864e3a1341bb0529c17fd87d,Public Goods,Public Goods,0x3e1b0f0edf6563be7be0608a797f39e727483412,sumedha.eth,Salaries,-5000.0,-5000.0,USDC,1,Direct
0x0de874cc084bf1fadd61f32831993f8577dd2afc1a6c036e099e9ec390ac6c60,2022-06-21,0xcd42b4c4d102cc22864e3a1341bb0529c17fd87d,Public Goods,Public Goods,0xde21f729137c5af1b01d73af1dc21effa2b8a0d6,Gitcoin Multisig,Gitcoin Multisig,-42000.0,-42000.0,USDC,1,Direct
0x15b5fc085454f9498f74233c865322bca13bbdafbac354fa875aa2c9c3003290,2022-08-03,0xcd42b4c4d102cc22864e3a1341bb0529c17fd87d,Public Goods,Public Goods,0x9b6568d72a6f6269049fac3998d1fadf1e6263cc,NounsPropHouse,PG Grants,-5000.0,-5000.0,USDC,1,Direct
0x3ac42d3ddd1690e46e87242834d0e7fa8ee5a0aefc9df64baa74ba503a78903b,2022-08-03,0xcd42b4c4d102cc22864e3a1341bb0529c17fd87d,Public Goods,Public Goods,0x9008d19f58aabd9ed0d60971565aa8510560ab41,CoW Swap,CoW Swap,-8251.406332,-8251.406332,USDC,1,Direct
0x3ac42d3ddd1690e46e87242834d0e7fa8ee5a0aefc9df64baa74ba503a78903b,2022-08-03,0x9008d19f58aabd9ed0d60971565aa8510560ab41,CoW Swap,CoW Swap,0xcd42b4c4d102cc22864e3a1341bb0529c17fd87d,Public Goods,Public Goods,5.0,8134.02,ETH,1,Direct
0xcdcbb466adc24cef64ef842a3cae60776c6d30cffbe6c3ccb6ddc10aad82b28f,2022-08-03,0xcd42b4c4d102cc22864e3a1341bb0529c17fd87d,Public Goods,Public Goods,0x76a6d08b82034b397e7e09dae4377c18f132bbb8,Blockful,PG Small Grants,-1.0,-1626.8,ETH,1,Direct
0x240f8d16cb9ed50b4f9042cd5c897a7280d0f080af09ef707f1d7220587299ff,2022-08-03,0xcd42b4c4d102cc22864e3a1341bb0529c17fd87d,Public Goods,Public Goods,0xc9c022fcfebe730710ae93ca9247c5ec9d9236d0,frolic.eth,PG Small Grants,-1.0,-1626.8,ETH,1,Direct
0xdb09bc17245e6825fbf234d12185b02d4519d8189ea6e06bafe52773f2f84de7,2022-08-03,0xcd42b4c4d102cc22864e3a1341bb0529c17fd87d,Public Goods,Public Goods,0xf99de199e019b9674aebf4c8132ebfcf9647eea1,rahs.eth,PG Small Grants,-1.0,-1626.8,ETH,1,Direct
0xf9e75660aba84f1bf0b9c9a8cc5a090afe632db42e2ffbf46ed0e988870f6080,2022-08-03,0xcd42b4c4d102cc22864e3a1341bb0529c17fd87d,Public Goods,Public Goods,0xf0fbaaa7ece80ac41508e442929b81a4c8c8543b,joycelai.eth,PG Small Grants,-1.0,-1626.8,ETH,1,Direct
0x60e9261c77f5f9286372377216e9d9bc7194885a0cf6c4b6a12e18396184b622,2022-08-03,0xcd42b4c4d102cc22864e3a1341bb0529c17fd87d,Public Goods,Public Goods,0x671028a812ab5f2feeb8982ac23b20708517c1ff,enspunks.eth,PG Small Grants,-1.0,-1626.8,ETH,1,Direct
0xeca0a89b925bace80379b3b406ab21664262d3fb5536a3e4167c79668c097260,2022-08-14,0xfe89cc7abb2c4183683ab71653c4cdc9b02d44b7,DAO Wallet,DAO Wallet,0xcd42b4c4d102cc22864e3a1341bb0529c17fd87d,Public Goods,Public Goods,200.0,2904.18,ENS,1,Direct
0xeca0a89b925bace80379b3b406ab21664262d3fb5536a3e4167c79668c097260,2022-08-14,0xfe89cc7abb2c4183683ab71653c4cdc9b02d44b7,DAO Wallet,DAO Wallet,0xcd42b4c4d102cc22864e3a1341bb0529c17fd87d,Public Goods,Public Goods,90.0,174241.8,ETH,1,Direct
0xeca0a89b925bace80379b3b406ab21664262d3fb5536a3e4167c79668c097260,2022-08-14,0xfe89cc7abb2c4183683ab71653c4cdc9b02d44b7,DAO Wallet,DAO Wallet,0xcd42b4c4d102cc22864e3a1341bb0529c17fd87d,Public Goods,Public Goods,333800.0,333800.0,USDC,1,Direct
0x3a6e105f98cfc710235f9f16ede0b715653c14967beada8944e99ef25ffc79d1,2022-09-22,0xcd42b4c4d102cc22864e3a1341bb0529c17fd87d,Public Goods,Public Goods,0xde21f729137c5af1b01d73af1dc21effa2b8a0d6,Gitcoin Multisig,Gitcoin Multisig,-100000.0,-100000.0,USDC,1,Direct
0x4571c7d091b6f26285af737fb2eaa979bfe5a18c236266ef45c699e912f248a7,2022-10-27,0xcd42b4c4d102cc22864e3a1341bb0529c17fd87d,Public Goods,Public Goods,0xe126b3e5d052f1f575828f61feba4f4f2603652a,Revoke.Cash,PG Small Grants,-1.0,-1514.35,ETH,1,Direct
0x4571c7d091b6f26285af737fb2eaa979bfe5a18c236266ef45c699e912f248a7,2022-10-27,0xcd42b4c4d102cc22864e3a1341bb0529c17fd87d,Public Goods,Public Goods,0x627f84bb4bba3333f253f09fe22a445f195bcf34,KarmaHQ,PG Small Grants,-1.0,-1514.35,ETH,1,Direct
0x4571c7d091b6f26285af737fb2eaa979bfe5a18c236266ef45c699e912f248a7,2022-10-27,0xcd42b4c4d102cc22864e3a1341bb0529c17fd87d,Public Goods,Public Goods,0x554ab37f4662a76a8e0533af6c64a6c6b1e20a79,nabsku.eth,PG Small Grants,-1.0,-1514.35,ETH,1,Direct
0x4571c7d091b6f26285af737fb2eaa979bfe5a18c236266ef45c699e912f248a7,2022-10-27,0xcd42b4c4d102cc22864e3a1341bb0529c17fd87d,Public Goods,Public Goods,0x29a82e07b96c405ac99a8023f767d2971546de70,serenae.eth,PG Small Grants,-1.0,-1514.35,ETH,1,Direct
0x4571c7d091b6f26285af737fb2eaa979bfe5a18c236266ef45c699e912f248a7,2022-10-27,0xcd42b4c4d102cc22864e3a1341bb0529c17fd87d,Public Goods,Public Goods,0xc9c022fcfebe730710ae93ca9247c5ec9d9236d0,frolic.eth,PG Small Grants,-1.0,-1514.35,ETH,1,Direct
0xf0dc5a2bd8745c24d998c111610c8a6d297318fb79ed00053ed2055489a2a9ef,2022-11-08,0xcd42b4c4d102cc22864e3a1341bb0529c17fd87d,Public Goods,Public Goods,0xc9c022fcfebe730710ae93ca9247c5ec9d9236d0,frolic.eth,PG Small Grants,-1.0,-1334.22,ETH,1,Direct
0xf0dc5a2bd8745c24d998c111610c8a6d297318fb79ed00053ed2055489a2a9ef,2022-11-08,0xcd42b4c4d102cc22864e3a1341bb0529c17fd87d,Public Goods,Public Goods,0x179a862703a4adfb29896552df9e307980d19285,gregskril.eth,PG Small Grants,-1.0,-1334.22,ETH,1,Direct
0xf0dc5a2bd8745c24d998c111610c8a6d297318fb79ed00053ed2055489a2a9ef,2022-11-08,0xcd42b4c4d102cc22864e3a1341bb0529c17fd87d,Public Goods,Public Goods,0xc609ed8bd4384b0822267c9fe4ac04f768fee0ca,yeeteezy.eth,PG Small Grants,-1.0,-1334.22,ETH,1,Direct
0xf0dc5a2bd8745c24d998c111610c8a6d297318fb79ed00053ed2055489a2a9ef,2022-11-08,0xcd42b4c4d102cc22864e3a1341bb0529c17fd87d,Public Goods,Public Goods,0x1208a26faa0f4ac65b42098419eb4daa5e580ac6,stevegachau.eth,PG Small Grants,-1.0,-1334.22,ETH,1,Direct
0xf0dc5a2bd8745c24d998c111610c8a6d297318fb79ed00053ed2055489a2a9ef,2022-11-08,0xcd42b4c4d102cc22864e3a1341bb0529c17fd87d,Public Goods,Public Goods,0x459efd5f53b4bb04b278925754fd427783831bc5,web3newsletters.eth,PG Small Grants,-1.0,-1334.22,ETH,1,Direct
0xf0dc5a2bd8745c24d998c111610c8a6d297318fb79ed00053ed2055489a2a9ef,2022-11-08,0xcd42b4c4d102cc22864e3a1341bb0529c17fd87d,Public Goods,Public Goods,0x4a903f36037da9dc1e1992bc7b8d511170000b07,ensnews.eth,PG Small Grants,-1.0,-1334.22,ETH,1,Direct
0xf0dc5a2bd8745c24d998c111610c8a6d297318fb79ed00053ed2055489a2a9ef,2022-11-08,0xcd42b4c4d102cc22864e3a1341bb0529c17fd87d,Public Goods,Public Goods,0x6a08ed0c51a3114d6a5347f1d0d33b1932dc93a7,bishara.eth,PG Small Grants,-1.0,-1334.22,ETH,1,Direct
0xf0dc5a2bd8745c24d998c111610c8a6d297318fb79ed00053ed2055489a2a9ef,2022-11-08,0xcd42b4c4d102cc22864e3a1341bb0529c17fd87d,Public Goods,Public Goods,0x1208a26faa0f4ac65b42098419eb4daa5e580ac6,stevegachau.eth,PG Small Grants,-1.0,-1334.22,ETH,1,Direct
0xf0dc5a2bd8745c24d998c111610c8a6d297318fb79ed00053ed2055489a2a9ef,2022-11-08,0xcd42b4c4d102cc22864e3a1341bb0529c17fd87d,Public Goods,Public Goods,0x76a6d08b82034b397e7e09dae4377c18f132bbb8,Blockful,PG Small Grants,-1.0,-1334.22,ETH,1,Direct
0xf0dc5a2bd8745c24d998c111610c8a6d297318fb79ed00053ed2055489a2a9ef,2022-11-08,0xcd42b4c4d102cc22864e3a1341bb0529c17fd87d,Public Goods,Public Goods,0x3a4e6ed8b0f02bfbfaa3c6506af2db939ea5798c,mhaas.eth,PG Small Grants,-1.0,-1334.22,ETH,1,Direct
0x814febb21dd76586979f5dacdd5231cc10065c006983eed09d8547dccd870969,2022-12-05,0xcd42b4c4d102cc22864e3a1341bb0529c17fd87d,Public Goods,Public Goods,0xf14f66748ff5d530c0235bf8ad017f9ae79a6b6a,gregskril.eth,PG Small Grants,-1.0,-1258.65,ETH,1,Direct
0x814febb21dd76586979f5dacdd5231cc10065c006983eed09d8547dccd870969,2022-12-05,0xcd42b4c4d102cc22864e3a1341bb0529c17fd87d,Public Goods,Public Goods,0x82d2173645fd452134807ceea12e4cc687f59009,neiman.eth,PG Small Grants,-1.0,-1258.65,ETH,1,Direct
0x814febb21dd76586979f5dacdd5231cc10065c006983eed09d8547dccd870969,2022-12-05,0xcd42b4c4d102cc22864e3a1341bb0529c17fd87d,Public Goods,Public Goods,0x1191f58f6f50cd673c78e7ca1732083a6b2beaf1,Future Diaries,PG Small Grants,-1.0,-1258.65,ETH,1,Direct
0x814febb21dd76586979f5dacdd5231cc10065c006983eed09d8547dccd870969,2022-12-05,0xcd42b4c4d102cc22864e3a1341bb0529c17fd87d,Public Goods,Public Goods,0x07590a393c67670463b80768feed264832541d51,cookbookdev.eth,PG Small Grants,-1.0,-1258.65,ETH,1,Direct
0x814febb21dd76586979f5dacdd5231cc10065c006983eed09d8547dccd870969,2022-12-05,0xcd42b4c4d102cc22864e3a1341bb0529c17fd87d,Public Goods,Public Goods,0xa9e3da13ef5eadfc6ecb2bb6bddde95016b567db,water3.eth,PG Small Grants,-1.0,-1258.65,ETH,1,Direct
0xdf821cb80860f015bff9ef1818cbb16e93682f071254f76a173db3db133dc534,2022-12-09,0x91c32893216de3ea0a55abb9851f581d4503d39b,Metagov,Metagov,0xcd42b4c4d102cc22864e3a1341bb0529c17fd87d,Public Goods,Public Goods,5.0,6314.75,ETH,1,Direct
0x4b7a83083e0368c93a1eba285ea7967e48f56a2a28cc011b9e7aea9e7ee52dbc,2022-12-19,0xcd42b4c4d102cc22864e3a1341bb0529c17fd87d,Public Goods,Public Goods,0xde21f729137c5af1b01d73af1dc21effa2b8a0d6,Gitcoin Multisig,Gitcoin Multisig,-50000.0,-50000.0,USDC,1,Direct
0x11bf109a0989c151aea7da5494e641ba215307e83a43480c56af785fe8b6eb5d,2022-12-19,0xcd42b4c4d102cc22864e3a1341bb0529c17fd87d,Public Goods,Public Goods,0x1ba8603da702602a8657980e825a6daa03dee93a,Fluidkey,Scholarship,-72000.0,-72000.0,USDC,1,Direct
0xe9558ab94709edf707861bd7e55b50b73da9ee64d1ffff1cb92736f9a73d6a57,2023-02-07,0xcd42b4c4d102cc22864e3a1341bb0529c17fd87d,Public Goods,Public Goods,0x44f00c29a0b8514d017ac20fbdb0aa5078b860ce,gashawk.eth,PG Small Grants,-1.0,-1671.61,ETH,1,Direct
0xe9558ab94709edf707861bd7e55b50b73da9ee64d1ffff1cb92736f9a73d6a57,2023-02-07,0xcd42b4c4d102cc22864e3a1341bb0529c17fd87d,Public Goods,Public Goods,0x10666d9c6295e838d3b8b84ffcc97d62ef7e6120,zeptimus.eth,PG Small Grants,-1.0,-1671.61,ETH,1,Direct
0xe9558ab94709edf707861bd7e55b50b73da9ee64d1ffff1cb92736f9a73d6a57,2023-02-07,0xcd42b4c4d102cc22864e3a1341bb0529c17fd87d,Public Goods,Public Goods,0x5794e3ba7391b2b9806b738b20c3f2099e16dd5d,dodao-academy.eth,PG Small Grants,-1.0,-1671.61,ETH,1,Direct
0xe9558ab94709edf707861bd7e55b50b73da9ee64d1ffff1cb92736f9a73d6a57,2023-02-07,0xcd42b4c4d102cc22864e3a1341bb0529c17fd87d,Public Goods,Public Goods,0xe126b3e5d052f1f575828f61feba4f4f2603652a,Revoke.Cash,PG Small Grants,-1.0,-1671.61,ETH,1,Direct
0xe9558ab94709edf707861bd7e55b50b73da9ee64d1ffff1cb92736f9a73d6a57,2023-02-07,0xcd42b4c4d102cc22864e3a1341bb0529c17fd87d,Public Goods,Public Goods,0xc8d65e1bd67f16522e3117b980e1c9d2caeb9dc3,generalmagic.eth,PG Small Grants,-1.0,-1671.61,ETH,1,Direct
0xd8feed2155cc6285d1bf5a89836d8980e613268d583715f5fc5b3ae8c031c4d7,2023-02-09,0xfe89cc7abb2c4183683ab71653c4cdc9b02d44b7,DAO Wallet,DAO Wallet,0xcd42b4c4d102cc22864e3a1341bb0529c17fd87d,Public Goods,Public Goods,50.0,77289.0,ETH,1,Direct
0x3dae72cc248fcf2cc529ec9325f674d0899547db4a54455a7436aa0048b7e2fc,2023-02-09,0xcd42b4c4d102cc22864e3a1341bb0529c17fd87d,Public Goods,Public Goods,0x11c24f0031b4c35e2e9353764edc61299291e0af,kbw.eth,PG Hackathons,-10000.0,-10000.0,USDC,1,Direct
0xd8feed2155cc6285d1bf5a89836d8980e613268d583715f5fc5b3ae8c031c4d7,2023-02-09,0xfe89cc7abb2c4183683ab71653c4cdc9b02d44b7,DAO Wallet,DAO Wallet,0xcd42b4c4d102cc22864e3a1341bb0529c17fd87d,Public Goods,Public Goods,250000.0,250000.0,USDC,1,Direct
0x344b3144dca0a671ddd788533499da3be57cae470ff15e3807dbf4e1831c6662,2023-03-10,0xcd42b4c4d102cc22864e3a1341bb0529c17fd87d,Public Goods,Public Goods,0xe126b3e5d052f1f575828f61feba4f4f2603652a,Revoke.Cash,PG Small Grants,-1.0,-1431.49,ETH,1,Direct
0x344b3144dca0a671ddd788533499da3be57cae470ff15e3807dbf4e1831c6662,2023-03-10,0xcd42b4c4d102cc22864e3a1341bb0529c17fd87d,Public Goods,Public Goods,0x44f00c29a0b8514d017ac20fbdb0aa5078b860ce,gashawk.eth,PG Small Grants,-1.0,-1431.49,ETH,1,Direct
0x344b3144dca0a671ddd788533499da3be57cae470ff15e3807dbf4e1831c6662,2023-03-10,0xcd42b4c4d102cc22864e3a1341bb0529c17fd87d,Public Goods,Public Goods,0x6897abe0fd62b589260784b21f4ca3f78a0d8017,entigd.eth,PG Small Grants,-1.0,-1431.49,ETH,1,Direct
0x344b3144dca0a671ddd788533499da3be57cae470ff15e3807dbf4e1831c6662,2023-03-10,0xcd42b4c4d102cc22864e3a1341bb0529c17fd87d,Public Goods,Public Goods,0x6a08ed0c51a3114d6a5347f1d0d33b1932dc93a7,bishara.eth,PG Small Grants,-1.0,-1431.49,ETH,1,Direct
0x344b3144dca0a671ddd788533499da3be57cae470ff15e3807dbf4e1831c6662,2023-03-10,0xcd42b4c4d102cc22864e3a1341bb0529c17fd87d,Public Goods,Public Goods,0x3cced573c55fce8130aa09586f705fec8cefeb61,marcusam.eth,PG Small Grants,-1.0,-1431.49,ETH,1,Direct
0x2319556263ef4785dc27210288f11c1bbf4fefa9544a9bcf49e4fd9ee15944a2,2023-03-30,0xcd42b4c4d102cc22864e3a1341bb0529c17fd87d,Public Goods,Public Goods,0xc8d65e1bd67f16522e3117b980e1c9d2caeb9dc3,generalmagic.eth,PG Small Grants,-1.0,-1794.03,ETH,1,Direct
0x2319556263ef4785dc27210288f11c1bbf4fefa9544a9bcf49e4fd9ee15944a2,2023-03-30,0xcd42b4c4d102cc22864e3a1341bb0529c17fd87d,Public Goods,Public Goods,0x97843608a00e2bbc75ab0c1911387e002565dede,scaffold.eth,PG Small Grants,-1.0,-1794.03,ETH,1,Direct
0x2319556263ef4785dc27210288f11c1bbf4fefa9544a9bcf49e4fd9ee15944a2,2023-03-30,0xcd42b4c4d102cc22864e3a1341bb0529c17fd87d,Public Goods,Public Goods,0x6a08ed0c51a3114d6a5347f1d0d33b1932dc93a7,bishara.eth,PG Small Grants,-1.0,-1794.03,ETH,1,Direct
0x2319556263ef4785dc27210288f11c1bbf4fefa9544a9bcf49e4fd9ee15944a2,2023-03-30,0xcd42b4c4d102cc22864e3a1341bb0529c17fd87d,Public Goods,Public Goods,0x96a77560146501eaeb5e6d5b7d8dd1ed23defa23,pugson.eth,PG Small Grants,-1.0,-1794.03,ETH,1,Direct
0x2319556263ef4785dc27210288f11c1bbf4fefa9544a9bcf49e4fd9ee15944a2,2023-03-30,0xcd42b4c4d102cc22864e3a1341bb0529c17fd87d,Public Goods,Public Goods,0x44f00c29a0b8514d017ac20fbdb0aa5078b860ce,gashawk.eth,PG Small Grants,-1.0,-1794.03,ETH,1,Direct
0xac816e8e297f9ac511e302c0a0bd1be7cff9473b485a827637d76c0e153568aa,2023-03-31,0xcd42b4c4d102cc22864e3a1341bb0529c17fd87d,Public Goods,Public Goods,0xde21f729137c5af1b01d73af1dc21effa2b8a0d6,Gitcoin Multisig,Gitcoin Multisig,-50000.0,-50000.0,USDC,1,Direct
0xcc3d6d4e9f27a7c6401fb9827f13049a730b65baab5141f2531945d0c1a559e4,2023-04-24,0xcd42b4c4d102cc22864e3a1341bb0529c17fd87d,Public Goods,Public Goods,0x4d9339dd97db55e3b9bcbe65de39ff9c04d1c2cd,Giveth,PG Small Grants,-1.0,-1842.51,ETH,1,Direct
0xcc3d6d4e9f27a7c6401fb9827f13049a730b65baab5141f2531945d0c1a559e4,2023-04-24,0xcd42b4c4d102cc22864e3a1341bb0529c17fd87d,Public Goods,Public Goods,0x44f00c29a0b8514d017ac20fbdb0aa5078b860ce,gashawk.eth,PG Small Grants,-1.0,-1842.51,ETH,1,Direct
0xcc3d6d4e9f27a7c6401fb9827f13049a730b65baab5141f2531945d0c1a559e4,2023-04-24,0xcd42b4c4d102cc22864e3a1341bb0529c17fd87d,Public Goods,Public Goods,0x53390590476dc98860316e4b46bb9842af55efc4,Dappnode,PG Small Grants,-1.0,-1842.51,ETH,1,Direct
0xcc3d6d4e9f27a7c6401fb9827f13049a730b65baab5141f2531945d0c1a559e4,2023-04-24,0xcd42b4c4d102cc22864e3a1341bb0529c17fd87d,Public Goods,Public Goods,0x3cced573c55fce8130aa09586f705fec8cefeb61,marcusam.eth,PG Small Grants,-1.0,-1842.51,ETH,1,Direct
0xcc3d6d4e9f27a7c6401fb9827f13049a730b65baab5141f2531945d0c1a559e4,2023-04-24,0xcd42b4c4d102cc22864e3a1341bb0529c17fd87d,Public Goods,Public Goods,0x0035cc37599241d007d0aba1fb931c5fa757f7a1,evmcrispr.eth,PG Small Grants,-1.0,-1842.51,ETH,1,Direct
0x5387f1efc3fe162d84ef011b90a9c0d4217a2839f0ba056269744381e6018d52,2023-05-26,0xcd42b4c4d102cc22864e3a1341bb0529c17fd87d,Public Goods,Public Goods,0x0035cc37599241d007d0aba1fb931c5fa757f7a1,evmcrispr.eth,Growth Grants,-10000.0,-10000.0,USDC,1,Direct
0x5387f1efc3fe162d84ef011b90a9c0d4217a2839f0ba056269744381e6018d52,2023-05-26,0xcd42b4c4d102cc22864e3a1341bb0529c17fd87d,Public Goods,Public Goods,0x3cced573c55fce8130aa09586f705fec8cefeb61,marcusam.eth,Growth Grants,-10000.0,-10000.0,USDC,1,Direct
0x5387f1efc3fe162d84ef011b90a9c0d4217a2839f0ba056269744381e6018d52,2023-05-26,0xcd42b4c4d102cc22864e3a1341bb0529c17fd87d,Public Goods,Public Goods,0x53390590476dc98860316e4b46bb9842af55efc4,Dappnode,Growth Grants,-10000.0,-10000.0,USDC,1,Direct
0x5387f1efc3fe162d84ef011b90a9c0d4217a2839f0ba056269744381e6018d52,2023-05-26,0xcd42b4c4d102cc22864e3a1341bb0529c17fd87d,Public Goods,Public Goods,0xe126b3e5d052f1f575828f61feba4f4f2603652a,Revoke.Cash,Growth Grants,-10000.0,-10000.0,USDC,1,Direct
0x5387f1efc3fe162d84ef011b90a9c0d4217a2839f0ba056269744381e6018d52,2023-05-26,0xcd42b4c4d102cc22864e3a1341bb0529c17fd87d,Public Goods,Public Goods,0x44f00c29a0b8514d017ac20fbdb0aa5078b860ce,gashawk.eth,Growth Grants,-10000.0,-10000.0,USDC,1,Direct
0xd99c1688de7a5d125dcb3b28d32c0a2aeee54f162c8ff7e151dd3ac46264897d,2023-06-05,0xcd42b4c4d102cc22864e3a1341bb0529c17fd87d,Public Goods,Public Goods,0x50927852076a6c93177e25e906d706981af9e27a,treecz.eth,PG Hackathons,-1614.38,-1614.38,USDC,1,Direct
0xeadf737b591b5038791f9021653ef3c44f31a0af76bcf5dfb8369855b0d07431,2023-06-16,0xcd42b4c4d102cc22864e3a1341bb0529c17fd87d,Public Goods,Public Goods,0x8110d1d04ac316fdcace8f24fd60c86b810ab15a,commonsstack.eth,PG Small Grants,-1.0,-1716.91,ETH,1,Direct
0xeadf737b591b5038791f9021653ef3c44f31a0af76bcf5dfb8369855b0d07431,2023-06-16,0xcd42b4c4d102cc22864e3a1341bb0529c17fd87d,Public Goods,Public Goods,0x6a08ed0c51a3114d6a5347f1d0d33b1932dc93a7,bishara.eth,PG Small Grants,-1.0,-1716.91,ETH,1,Direct
0xeadf737b591b5038791f9021653ef3c44f31a0af76bcf5dfb8369855b0d07431,2023-06-16,0xcd42b4c4d102cc22864e3a1341bb0529c17fd87d,Public Goods,Public Goods,0x9531c059098e3d194ff87febb587ab07b30b1306,Rotki,PG Small Grants,-1.0,-1716.91,ETH,1,Direct
0xeadf737b591b5038791f9021653ef3c44f31a0af76bcf5dfb8369855b0d07431,2023-06-16,0xcd42b4c4d102cc22864e3a1341bb0529c17fd87d,Public Goods,Public Goods,0xc8d65e1bd67f16522e3117b980e1c9d2caeb9dc3,generalmagic.eth,PG Small Grants,-1.0,-1716.91,ETH,1,Direct
0xeadf737b591b5038791f9021653ef3c44f31a0af76bcf5dfb8369855b0d07431,2023-06-16,0xcd42b4c4d102cc22864e3a1341bb0529c17fd87d,Public Goods,Public Goods,0x2fe95ba46d36e6bbc8d3bbc6bf3f18c85c91f3af,yazdani.eth,PG Small Grants,-2.0,-3433.82,ETH,1,Direct
0xeadf737b591b5038791f9021653ef3c44f31a0af76bcf5dfb8369855b0d07431,2023-06-16,0xcd42b4c4d102cc22864e3a1341bb0529c17fd87d,Public Goods,Public Goods,0x371ca2c8f1d02864c7306e5e5ed5dc6edf2dd19c,Regens Unite,PG Small Grants,-1.0,-1716.91,ETH,1,Direct
0xeadf737b591b5038791f9021653ef3c44f31a0af76bcf5dfb8369855b0d07431,2023-06-16,0xcd42b4c4d102cc22864e3a1341bb0529c17fd87d,Public Goods,Public Goods,0x3a85cd196d72872d89dde1ea1cccd7ceeb30802c,daylon.eth,PG Small Grants,-1.0,-1716.91,ETH,1,Direct
0xeadf737b591b5038791f9021653ef3c44f31a0af76bcf5dfb8369855b0d07431,2023-06-16,0xcd42b4c4d102cc22864e3a1341bb0529c17fd87d,Public Goods,Public Goods,0x4d9339dd97db55e3b9bcbe65de39ff9c04d1c2cd,Giveth,PG Small Grants,-1.0,-1716.91,ETH,1,Direct
0xeadf737b591b5038791f9021653ef3c44f31a0af76bcf5dfb8369855b0d07431,2023-06-16,0xcd42b4c4d102cc22864e3a1341bb0529c17fd87d,Public Goods,Public Goods,0x0b7246ef74ca7b37fdc3d15be4f0b49876622f95,Praise,PG Small Grants,-1.0,-1716.91,ETH,1,Direct
0x2b3143e98186744c1bad9f054b21d84f462f3f86d4ed311c39a0462d04428c34,2023-07-10,0xcd42b4c4d102cc22864e3a1341bb0529c17fd87d,Public Goods,Public Goods,0x4557b18e779944bfe9d78a672452331c186a9f48,Wagmi,PG Large Grants,-50000.0,-50000.0,USDC,1,Direct
0x2b3143e98186744c1bad9f054b21d84f462f3f86d4ed311c39a0462d04428c34,2023-07-10,0xcd42b4c4d102cc22864e3a1341bb0529c17fd87d,Public Goods,Public Goods,0xa26d6aeb775a9528c012b748ace66e3b0fd574ce,Cat Herders,PG Large Grants,-50000.0,-50000.0,USDC,1,Direct
0x2b3143e98186744c1bad9f054b21d84f462f3f86d4ed311c39a0462d04428c34,2023-07-10,0xcd42b4c4d102cc22864e3a1341bb0529c17fd87d,Public Goods,Public Goods,0xe5cff796a1dffc3018e3f3180f8bddbd7a83cf60,SheFi,PG Large Grants,-50000.0,-50000.0,USDC,1,Direct
0x2b3143e98186744c1bad9f054b21d84f462f3f86d4ed311c39a0462d04428c34,2023-07-10,0xcd42b4c4d102cc22864e3a1341bb0529c17fd87d,Public Goods,Public Goods,0xe573f359f175fcd518769999312e10462109aea5,Token Academy,PG Large Grants,-50000.0,-50000.0,USDC,1,Direct
0x5003229ee5091f540310eeb7d1efa81d63ee6d8f9e186f6a063e557a0d271639,2023-07-13,0xcd42b4c4d102cc22864e3a1341bb0529c17fd87d,Public Goods,Public Goods,0xbec643bd5b7f5e9190617ca4187ef0455950c51c,itublockchain.eth,Discretionary Grants,-5.0,-10028.300000000001,ETH,1,Direct
0x5003229ee5091f540310eeb7d1efa81d63ee6d8f9e186f6a063e557a0d271639,2023-07-13,0xcd42b4c4d102cc22864e3a1341bb0529c17fd87d,Public Goods,Public Goods,0xb6a56aed2493f5b2e26aff477d473f0702783525,andinolabs.eth,Discretionary Grants,-5.0,-10028.300000000001,ETH,1,Direct
0x5003229ee5091f540310eeb7d1efa81d63ee6d8f9e186f6a063e557a0d271639,2023-07-13,0xcd42b4c4d102cc22864e3a1341bb0529c17fd87d,Public Goods,Public Goods,0x62101902aa08d00b1d3d2e66cd77e2a4f4d18c51,Greenpill,Discretionary Grants,-5.0,-10028.300000000001,ETH,1,Direct
0x0290ea1051f232095124d19f7f818bea74494792edcd0bfa18e9c5be1731b5f6,2023-07-25,0xcd42b4c4d102cc22864e3a1341bb0529c17fd87d,Public Goods,Public Goods,0x3fc91a3afd70395cd496c647d5a6cc9d4b2b7fad,UniSwap,UniSwap,-55.0,-102163.6,ETH,1,Direct
0x0290ea1051f232095124d19f7f818bea74494792edcd0bfa18e9c5be1731b5f6,2023-07-25,0x88e6a0c2ddd26feeb64f039a2c41296fcb3f5640,UniSwap,UniSwap,0xcd42b4c4d102cc22864e3a1341bb0529c17fd87d,Public Goods,Public Goods,102408.492634,102408.492634,USDC,1,Direct
0x98abd61960644dfeb50be9b1b503dc280a0584123e700631751b38fea1c439ee,2023-10-10,0xcd42b4c4d102cc22864e3a1341bb0529c17fd87d,Public Goods,Public Goods,0x8289432acd5eb0214b1c2526a5edb480aa06a9ab,wslyvh.eth,PG Hackathons,-2500.0,-2500.0,USDC,1,Direct
0xe1698c895d81670aedd7ae07fae7b3aafe4d96618e2fad2b03b34dcb30011873,2023-10-30,0xcd42b4c4d102cc22864e3a1341bb0529c17fd87d,Public Goods,Public Goods,0x44f00c29a0b8514d017ac20fbdb0aa5078b860ce,gashawk.eth,PG Large Grants,-20000.0,-20000.0,USDC,1,Direct
0xab71fc44ea9c169bad3f84eee474b57e64680757a7eac566c2cccc28ec02c516,2023-11-09,0xcd42b4c4d102cc22864e3a1341bb0529c17fd87d,Public Goods,Public Goods,0xbec643bd5b7f5e9190617ca4187ef0455950c51c,itublockchain.eth,PG Hackathons,-5000.0,-5000.0,USDC,1,Direct
0xc0da04297a4216218a3f2f7aea3d7f73691151d7e48a9b24836dc9dcf16c7ec7,2023-11-14,0xcd42b4c4d102cc22864e3a1341bb0529c17fd87d,Public Goods,Public Goods,0x2fe95ba46d36e6bbc8d3bbc6bf3f18c85c91f3af,yazdani.eth,PG Small Grants,-0.3,-593.898,ETH,1,Direct
0xc0da04297a4216218a3f2f7aea3d7f73691151d7e48a9b24836dc9dcf16c7ec7,2023-11-14,0xcd42b4c4d102cc22864e3a1341bb0529c17fd87d,Public Goods,Public Goods,0x4d9339dd97db55e3b9bcbe65de39ff9c04d1c2cd,Giveth,PG Small Grants,-5.0,-9898.300000000001,ETH,1,Direct
0xc0da04297a4216218a3f2f7aea3d7f73691151d7e48a9b24836dc9dcf16c7ec7,2023-11-14,0xcd42b4c4d102cc22864e3a1341bb0529c17fd87d,Public Goods,Public Goods,0x55aed0ce035883626e536254dda2f23a5b5d977f,0xlucas.eth,PG Small Grants,-0.3,-593.898,ETH,1,Direct
0xc0da04297a4216218a3f2f7aea3d7f73691151d7e48a9b24836dc9dcf16c7ec7,2023-11-14,0xcd42b4c4d102cc22864e3a1341bb0529c17fd87d,Public Goods,Public Goods,0x6a08ed0c51a3114d6a5347f1d0d33b1932dc93a7,bishara.eth,PG Small Grants,-0.3,-593.898,ETH,1,Direct
0xc0da04297a4216218a3f2f7aea3d7f73691151d7e48a9b24836dc9dcf16c7ec7,2023-11-14,0xcd42b4c4d102cc22864e3a1341bb0529c17fd87d,Public Goods,Public Goods,0xd1b8db70ded72db850713b2ce7e1a4ffafad95d1,pairwise.eth,PG Small Grants,-0.3,-593.898,ETH,1,Direct
0xc0da04297a4216218a3f2f7aea3d7f73691151d7e48a9b24836dc9dcf16c7ec7,2023-11-14,0xcd42b4c4d102cc22864e3a1341bb0529c17fd87d,Public Goods,Public Goods,0x9531c059098e3d194ff87febb587ab07b30b1306,Rotki,PG Small Grants,-0.3,-593.898,ETH,1,Direct
0xc0da04297a4216218a3f2f7aea3d7f73691151d7e48a9b24836dc9dcf16c7ec7,2023-11-14,0xcd42b4c4d102cc22864e3a1341bb0529c17fd87d,Public Goods,Public Goods,0xeb40a065854bd90126a4e697aea0976ba51b2ee7,ethdaily.eth,PG Small Grants,-3.0,-5938.9800000000005,ETH,1,Direct
0xc0da04297a4216218a3f2f7aea3d7f73691151d7e48a9b24836dc9dcf16c7ec7,2023-11-14,0xcd42b4c4d102cc22864e3a1341bb0529c17fd87d,Public Goods,Public Goods,0x11ee133a1408fe2d7c62296d7eb33f234b774503,dm3.eth,PG Small Grants,-2.0,-3959.32,ETH,1,Direct
0xc0da04297a4216218a3f2f7aea3d7f73691151d7e48a9b24836dc9dcf16c7ec7,2023-11-14,0xcd42b4c4d102cc22864e3a1341bb0529c17fd87d,Public Goods,Public Goods,0xb53b0255895c4f9e3a185e484e5b674bccfbc076,MetaGame,PG Small Grants,-0.3,-593.898,ETH,1,Direct
0xc0da04297a4216218a3f2f7aea3d7f73691151d7e48a9b24836dc9dcf16c7ec7,2023-11-14,0xcd42b4c4d102cc22864e3a1341bb0529c17fd87d,Public Goods,Public Goods,0x2fe95ba46d36e6bbc8d3bbc6bf3f18c85c91f3af,yazdani.eth,PG Small Grants,-0.3,-593.898,ETH,1,Direct
0x7f95347e7d2e92858d678ab5ddd1c1f2dba127920aebf27dd66d72c22b79357c,2023-11-16,0xcd42b4c4d102cc22864e3a1341bb0529c17fd87d,Public Goods,Public Goods,0x1883c7ab3a287733024694e824ae8d8e644b2d78,Revoke.Cash,PG Large Grants,-10000.0,-10000.0,USDC,1,Direct
0x7f95347e7d2e92858d678ab5ddd1c1f2dba127920aebf27dd66d72c22b79357c,2023-11-16,0xcd42b4c4d102cc22864e3a1341bb0529c17fd87d,Public Goods,Public Goods,0x32d80976213c5bea149d2d4560a46417e90bc87d,EFP,PG Large Grants,-10000.0,-10000.0,USDC,1,Direct
0x7eadcd845362e160fa4a6f1918132c1b2c918fdb25e81cc3358ca11ef8daa1fe,2023-11-20,0xfe89cc7abb2c4183683ab71653c4cdc9b02d44b7,DAO Wallet,DAO Wallet,0xcd42b4c4d102cc22864e3a1341bb0529c17fd87d,Public Goods,Public Goods,35.0,70791.7,ETH,1,Direct
0x7eadcd845362e160fa4a6f1918132c1b2c918fdb25e81cc3358ca11ef8daa1fe,2023-11-20,0xfe89cc7abb2c4183683ab71653c4cdc9b02d44b7,DAO Wallet,DAO Wallet,0xcd42b4c4d102cc22864e3a1341bb0529c17fd87d,Public Goods,Public Goods,218204.0,218204.0,USDC,1,Direct
0x2d4a1929e92fb569a3bff9e4b3fa1897b11b2bafb3a2d7b267b9c8f7d976d2ac,2023-12-06,0xcd42b4c4d102cc22864e3a1341bb0529c17fd87d,Public Goods,Public Goods,0x1883c7ab3a287733024694e824ae8d8e644b2d78,Revoke.Cash,PG Large Grants,-10000.0,-10000.0,USDC,1,Direct
0x2d4a1929e92fb569a3bff9e4b3fa1897b11b2bafb3a2d7b267b9c8f7d976d2ac,2023-12-06,0xcd42b4c4d102cc22864e3a1341bb0529c17fd87d,Public Goods,Public Goods,0x32d80976213c5bea149d2d4560a46417e90bc87d,EFP,PG Large Grants,-10000.0,-10000.0,USDC,1,Direct
0x198de4aef0bdb7f080932facf9a1f6f0ea2ddbe8a19b2a19f617fa4afc97d17f,2023-12-12,0xcd42b4c4d102cc22864e3a1341bb0529c17fd87d,Public Goods,Public Goods,0x53390590476dc98860316e4b46bb9842af55efc4,Dappnode,PG Small Grants,-3.0,-6606.99,ETH,1,Direct
0x198de4aef0bdb7f080932facf9a1f6f0ea2ddbe8a19b2a19f617fa4afc97d17f,2023-12-12,0xcd42b4c4d102cc22864e3a1341bb0529c17fd87d,Public Goods,Public Goods,0x8734dc0ac11c9c059ab55233d34a230a5b9c6be4,likebutton.eth,PG Small Grants,-2.0,-4404.66,ETH,1,Direct
0x198de4aef0bdb7f080932facf9a1f6f0ea2ddbe8a19b2a19f617fa4afc97d17f,2023-12-12,0xcd42b4c4d102cc22864e3a1341bb0529c17fd87d,Public Goods,Public Goods,0x2fe95ba46d36e6bbc8d3bbc6bf3f18c85c91f3af,yazdani.eth,PG Small Grants,-0.3,-660.699,ETH,1,Direct
0x198de4aef0bdb7f080932facf9a1f6f0ea2ddbe8a19b2a19f617fa4afc97d17f,2023-12-12,0xcd42b4c4d102cc22864e3a1341bb0529c17fd87d,Public Goods,Public Goods,0xeb40a065854bd90126a4e697aea0976ba51b2ee7,ethdaily.eth,PG Small Grants,-0.3,-660.699,ETH,1,Direct
0x198de4aef0bdb7f080932facf9a1f6f0ea2ddbe8a19b2a19f617fa4afc97d17f,2023-12-12,0xcd42b4c4d102cc22864e3a1341bb0529c17fd87d,Public Goods,Public Goods,0xffbd35255008f86322051f2313d4b343540e0e00,GravityDAO,PG Small Grants,-0.3,-660.699,ETH,1,Direct
0x198de4aef0bdb7f080932facf9a1f6f0ea2ddbe8a19b2a19f617fa4afc97d17f,2023-12-12,0xcd42b4c4d102cc22864e3a1341bb0529c17fd87d,Public Goods,Public Goods,0xdf43d4c93c600ea8dd7ba469e5a05ab57e9867c9,Bright ID,PG Small Grants,-0.3,-660.699,ETH,1,Direct
0x198de4aef0bdb7f080932facf9a1f6f0ea2ddbe8a19b2a19f617fa4afc97d17f,2023-12-12,0xcd42b4c4d102cc22864e3a1341bb0529c17fd87d,Public Goods,Public Goods,0x11ee133a1408fe2d7c62296d7eb33f234b774503,dm3.eth,PG Small Grants,-0.3,-660.699,ETH,1,Direct
0x198de4aef0bdb7f080932facf9a1f6f0ea2ddbe8a19b2a19f617fa4afc97d17f,2023-12-12,0xcd42b4c4d102cc22864e3a1341bb0529c17fd87d,Public Goods,Public Goods,0x8110d1d04ac316fdcace8f24fd60c86b810ab15a,commonsstack.eth,PG Small Grants,-0.3,-660.699,ETH,1,Direct
0x198de4aef0bdb7f080932facf9a1f6f0ea2ddbe8a19b2a19f617fa4afc97d17f,2023-12-12,0xcd42b4c4d102cc22864e3a1341bb0529c17fd87d,Public Goods,Public Goods,0xd1b8db70ded72db850713b2ce7e1a4ffafad95d1,pairwise.eth,PG Small Grants,-0.3,-660.699,ETH,1,Direct
0x198de4aef0bdb7f080932facf9a1f6f0ea2ddbe8a19b2a19f617fa4afc97d17f,2023-12-12,0xcd42b4c4d102cc22864e3a1341bb0529c17fd87d,Public Goods,Public Goods,0x9531c059098e3d194ff87febb587ab07b30b1306,Rotki,PG Small Grants,-2.0,-4404.66,ETH,1,Direct
0x198de4aef0bdb7f080932facf9a1f6f0ea2ddbe8a19b2a19f617fa4afc97d17f,2023-12-12,0xcd42b4c4d102cc22864e3a1341bb0529c17fd87d,Public Goods,Public Goods,0x4d9339dd97db55e3b9bcbe65de39ff9c04d1c2cd,Giveth,PG Small Grants,-5.0,-11011.65,ETH,1,Direct
0x198de4aef0bdb7f080932facf9a1f6f0ea2ddbe8a19b2a19f617fa4afc97d17f,2023-12-12,0xcd42b4c4d102cc22864e3a1341bb0529c17fd87d,Public Goods,Public Goods,0xecd54db84c80f451b8dbc91ac31f6b7b900b61c0,Regen Score,PG Small Grants,-0.3,-660.699,ETH,1,Direct
0x3243fc29e6e31ec2782230318055e3f45b753846d9f53b81ba99887ffc2c705a,2023-12-18,0xcd42b4c4d102cc22864e3a1341bb0529c17fd87d,Public Goods,Public Goods,0x6e8873085530406995170da467010565968c7c62,Giveth,Giveth,-23000.0,-23000.0,USDC,1,Direct
0x178ee258deec25af0a362a0e7276cf4a4045d1b71c07aa2a8cdd2432f2d20ebf,2023-12-18,0xcd42b4c4d102cc22864e3a1341bb0529c17fd87d,Public Goods,Public Goods,0x53390590476dc98860316e4b46bb9842af55efc4,Dappnode,PG Large Grants,-12500.0,-12500.0,USDC,1,Direct
0x178ee258deec25af0a362a0e7276cf4a4045d1b71c07aa2a8cdd2432f2d20ebf,2023-12-18,0xcd42b4c4d102cc22864e3a1341bb0529c17fd87d,Public Goods,Public Goods,0xe126b3e5d052f1f575828f61feba4f4f2603652a,Revoke.Cash,PG Large Grants,-20000.0,-20000.0,USDC,1,Direct
0x178ee258deec25af0a362a0e7276cf4a4045d1b71c07aa2a8cdd2432f2d20ebf,2023-12-18,0xcd42b4c4d102cc22864e3a1341bb0529c17fd87d,Public Goods,Public Goods,0x9531c059098e3d194ff87febb587ab07b30b1306,Rotki,PG Large Grants,-20000.0,-20000.0,USDC,1,Direct
0x178ee258deec25af0a362a0e7276cf4a4045d1b71c07aa2a8cdd2432f2d20ebf,2023-12-18,0xcd42b4c4d102cc22864e3a1341bb0529c17fd87d,Public Goods,Public Goods,0x2921054c11f0307ff402885c7186d9820e4d95d5,EIP-7212,PG Large Grants,-20000.0,-20000.0,USDC,1,Direct
0x178ee258deec25af0a362a0e7276cf4a4045d1b71c07aa2a8cdd2432f2d20ebf,2023-12-18,0xcd42b4c4d102cc22864e3a1341bb0529c17fd87d,Public Goods,Public Goods,0x55aed0ce035883626e536254dda2f23a5b5d977f,0xlucas.eth,PG Large Grants,-17500.0,-17500.0,USDC,1,Direct
0xd461abe7355a120e06332598e5bfa1a3ce5cc158c8c5fdc1cd74fb30e0ee2da7,2023-12-20,0xcd42b4c4d102cc22864e3a1341bb0529c17fd87d,Public Goods,Public Goods,0x0d1f5d146b7d8632d94caef11c6b4dc4e558503b,izziaraffaele.eth,Translators,-285.0,-285.0,USDC,1,Direct
0xd461abe7355a120e06332598e5bfa1a3ce5cc158c8c5fdc1cd74fb30e0ee2da7,2023-12-20,0xcd42b4c4d102cc22864e3a1341bb0529c17fd87d,Public Goods,Public Goods,0x9ecf21085b13c62351d87c19f1bbdd23b83767ff,cassxbt.eth,Translators,-285.0,-285.0,USDC,1,Direct
0xd461abe7355a120e06332598e5bfa1a3ce5cc158c8c5fdc1cd74fb30e0ee2da7,2023-12-20,0xcd42b4c4d102cc22864e3a1341bb0529c17fd87d,Public Goods,Public Goods,0x453712f21ddda4b7c00b4dcd3383b13f8664239e,dafra.eth,Translators,-285.0,-285.0,USDC,1,Direct
0xd461abe7355a120e06332598e5bfa1a3ce5cc158c8c5fdc1cd74fb30e0ee2da7,2023-12-20,0xcd42b4c4d102cc22864e3a1341bb0529c17fd87d,Public Goods,Public Goods,0xaf0de9616735ed16e25f0c08829d5e37068dd375,slavni.eth,Translators,-285.0,-285.0,USDC,1,Direct
0xd461abe7355a120e06332598e5bfa1a3ce5cc158c8c5fdc1cd74fb30e0ee2da7,2023-12-20,0xcd42b4c4d102cc22864e3a1341bb0529c17fd87d,Public Goods,Public Goods,0xabcd13bd9db9f98ff49d85ea78b0a193211b7e06,decimetils.eth,Translators,-285.0,-285.0,USDC,1,Direct
0xd461abe7355a120e06332598e5bfa1a3ce5cc158c8c5fdc1cd74fb30e0ee2da7,2023-12-20,0xcd42b4c4d102cc22864e3a1341bb0529c17fd87d,Public Goods,Public Goods,0x03d9aacbb6787cf7332078df0fc880fa9c179e54,midena.eth,Translators,-95.0,-95.0,USDC,1,Direct
0xd461abe7355a120e06332598e5bfa1a3ce5cc158c8c5fdc1cd74fb30e0ee2da7,2023-12-20,0xcd42b4c4d102cc22864e3a1341bb0529c17fd87d,Public Goods,Public Goods,0x5853bcac824fc455c1e448706419633efc452bc8,camparimaximalist.eth,Translators,-95.0,-95.0,USDC,1,Direct
0xd461abe7355a120e06332598e5bfa1a3ce5cc158c8c5fdc1cd74fb30e0ee2da7,2023-12-20,0xcd42b4c4d102cc22864e3a1341bb0529c17fd87d,Public Goods,Public Goods,0xae46e37b5628947ac159f001a847e87452175d99,spanish-or-vanish.eth,Translators,-1000.0,-1000.0,USDC,1,Direct
0xd461abe7355a120e06332598e5bfa1a3ce5cc158c8c5fdc1cd74fb30e0ee2da7,2023-12-20,0xcd42b4c4d102cc22864e3a1341bb0529c17fd87d,Public Goods,Public Goods,0x905296ed6411d92165349b468ca838d83fe96ae4,sefu.eth,Translators,-2000.0,-2000.0,USDC,1,Direct
0xd461abe7355a120e06332598e5bfa1a3ce5cc158c8c5fdc1cd74fb30e0ee2da7,2023-12-20,0xcd42b4c4d102cc22864e3a1341bb0529c17fd87d,Public Goods,Public Goods,0xbd5eb58790c4c8fe959f8ea9d736db3619a59300,pastofre.eth,Translators,-285.0,-285.0,USDC,1,Direct
0xd461abe7355a120e06332598e5bfa1a3ce5cc158c8c5fdc1cd74fb30e0ee2da7,2023-12-20,0xcd42b4c4d102cc22864e3a1341bb0529c17fd87d,Public Goods,Public Goods,0xf66c00759467c6524b0c86af132bb52786b37382,bianc8.eth,Translators,-95.0,-95.0,USDC,1,Direct
0x268e6299a5f02e98ee8f42ed60c8fb51e82c216200cfd058755dbdf972327c15,2024-01-08,0xcd42b4c4d102cc22864e3a1341bb0529c17fd87d,Public Goods,Public Goods,0xcc49c3bd98d95dfb0b3a51e7dff0cb18241afd9d,leticiaferraz.eth,Articles,-350.0,-350.0,USDC,1,Direct
0x448abd2d9244239700d3948e89bfbfe5b0d35918ac9c58f73eda10f216dbad4f,2024-01-19,0xcd42b4c4d102cc22864e3a1341bb0529c17fd87d,Public Goods,Public Goods,0x32d80976213c5bea149d2d4560a46417e90bc87d,EFP,PG Large Grants,-5000.0,-5000.0,USDC,1,Direct
0x448abd2d9244239700d3948e89bfbfe5b0d35918ac9c58f73eda10f216dbad4f,2024-01-19,0xcd42b4c4d102cc22864e3a1341bb0529c17fd87d,Public Goods,Public Goods,0x1883c7ab3a287733024694e824ae8d8e644b2d78,Revoke.Cash,PG Large Grants,-5000.0,-5000.0,USDC,1,Direct
0xc9457410df0e85d8efda44f4b0a5e5da6248cc5736c7d5e45a99f26015d64fe0,2024-01-31,0xcd42b4c4d102cc22864e3a1341bb0529c17fd87d,Public Goods,Public Goods,0xcc49c3bd98d95dfb0b3a51e7dff0cb18241afd9d,leticiaferraz.eth,Articles,-1000.622387,-1000.622387,USDC,1,Direct
0x7dae6a2dc00adf02dee06eff0879dff5d0036546ab58b6850b75404d879df413,2024-02-02,0xcd42b4c4d102cc22864e3a1341bb0529c17fd87d,Public Goods,Public Goods,0x55aed0ce035883626e536254dda2f23a5b5d977f,0xlucas.eth,PG Large Grants,-17500.0,-17500.0,USDC,1,Direct
0x100faaa9bdc14908570eaa638e488d756fe8f9b24c802acde62e0966da3b6df6,2024-02-02,0xcd42b4c4d102cc22864e3a1341bb0529c17fd87d,Public Goods,Public Goods,0x44f00c29a0b8514d017ac20fbdb0aa5078b860ce,gashawk.eth,PG Large Grants,-30000.0,-30000.0,USDC,1,Direct
0x19678e21ce01cf8ccbaa4c4c5d8c2d9b06cc320fc9189a3854ac489fe6b4f094,2024-02-22,0xcd42b4c4d102cc22864e3a1341bb0529c17fd87d,Public Goods,Public Goods,0x1d921dff757610fbdb0073479e12c0a07d382677,vegayp.eth,Salaries,-4000.0,-4000.0,USDC,1,Direct
0xdc175bccc0709f414ef842008336911dfb1be6427eb51ef15ba4266056a3448e,2024-02-22,0xcd42b4c4d102cc22864e3a1341bb0529c17fd87d,Public Goods,Public Goods,0xb03abf64f0582be24cd8a17c79ab053c48c3fe7e,ETHDenver,PG Hackathons,-10000.0,-10000.0,USDC,1,Direct
0xf36d881806444f464a2b648183d8530e3455636cd1294206e307c6829ec8385f,2024-03-27,0xcd42b4c4d102cc22864e3a1341bb0529c17fd87d,Public Goods,Public Goods,0x730991197e1a832b7ec07cff1387d3f1064a3f8c,coltron.eth,Salaries,-5000.0,-5000.0,USDC,1,Direct
0xf36d881806444f464a2b648183d8530e3455636cd1294206e307c6829ec8385f,2024-03-27,0xcd42b4c4d102cc22864e3a1341bb0529c17fd87d,Public Goods,Public Goods,0x3dbbd0fd05edcb3adc5b7f8f1c758ea36d22e1e4,simona.eth,Salaries,-2000.0,-2000.0,USDC,1,Direct
0x7896725b462d74bd7e00de4524b1c7f369258554196f09a816ffdb4c14bc0548,2024-04-13,0xfe89cc7abb2c4183683ab71653c4cdc9b02d44b7,DAO Wallet,DAO Wallet,0xcd42b4c4d102cc22864e3a1341bb0529c17fd87d,Public Goods,Public Goods,21.5,64747.465000000004,ETH,1,Direct
0x7896725b462d74bd7e00de4524b1c7f369258554196f09a816ffdb4c14bc0548,2024-04-13,0xfe89cc7abb2c4183683ab71653c4cdc9b02d44b7,DAO Wallet,DAO Wallet,0xcd42b4c4d102cc22864e3a1341bb0529c17fd87d,Public Goods,Public Goods,450300.0,450300.0,USDC,1,Direct
0x175b4384e3798b3de345281bc34cd64d29298838be5674e5ae9ad4b150e5df81,2024-04-25,0xcd42b4c4d102cc22864e3a1341bb0529c17fd87d,Public Goods,Public Goods,0x2921054c11f0307ff402885c7186d9820e4d95d5,EIP-7212,PG Large Grants,-20000.0,-20000.0,USDC,1,Direct
0xfa88551e141a32733c4852f8ab7615ca7d72a9b3779f21cce30838226c504f0e,2024-05-14,0xcd42b4c4d102cc22864e3a1341bb0529c17fd87d,Public Goods,Public Goods,0xe126b3e5d052f1f575828f61feba4f4f2603652a,Revoke.Cash,PG Large Grants,-20000.0,-20000.0,USDC,1,Direct
0xcd7efb67ae227e26974fe86e36e03847da3f18d2b61887ddcd5ae858d88a6a42,2024-05-14,0xcd42b4c4d102cc22864e3a1341bb0529c17fd87d,Public Goods,Public Goods,0x2d85f8682f3dbae9c65db9e7ba239e4de733d8d1,aynieducativo.eth,PG Large Grants,-5000.0,-5000.0,USDC,1,Direct
0xb638b447a1d558b371ed2e3e5a50130d2c23c9b088626815b820e6e490427713,2024-05-14,0xcd42b4c4d102cc22864e3a1341bb0529c17fd87d,Public Goods,Public Goods,0x53390590476dc98860316e4b46bb9842af55efc4,Dappnode,PG Large Grants,-12500.0,-12500.0,USDC,1,Direct
0xfd28305729281c54b602253377fe0b70949faaee3b105f20313acdf52821bd4d,2024-05-21,0xcd42b4c4d102cc22864e3a1341bb0529c17fd87d,Public Goods,Public Goods,0xe9418b33ce595b2a305501194229700c712e6ea1,Latin Hackathon,Event,-5000.0,-5000.0,USDC,1,Direct
0x831eea18a54b911ea8a41172ff30da923a8a0e297fb43877315f379d8d3cab89,2024-05-21,0xcd42b4c4d102cc22864e3a1341bb0529c17fd87d,Public Goods,Public Goods,0x324d62eea625a84e04940a560564d8882ff5b05e,0x324d62,Event,-16000.0,-16000.0,USDC,1,Direct
0x78eff31104179b1140ff728f1f4773279bc4f909af7f47cb58f806240a073a67,2024-05-21,0xcd42b4c4d102cc22864e3a1341bb0529c17fd87d,Public Goods,Public Goods,0x9531c059098e3d194ff87febb587ab07b30b1306,Rotki,PG Large Grants,-30000.0,-30000.0,USDC,1,Direct
0x54817576bf3777b49b9232836e84c7365768956872a85a545bbd13cc02f792fa,2024-05-29,0xcd42b4c4d102cc22864e3a1341bb0529c17fd87d,Public Goods,Public Goods,0xd1b8db70ded72db850713b2ce7e1a4ffafad95d1,pairwise.eth,PG Small Grants,-2.0,-7524.44,ETH,1,Direct
0x54817576bf3777b49b9232836e84c7365768956872a85a545bbd13cc02f792fa,2024-05-29,0xcd42b4c4d102cc22864e3a1341bb0529c17fd87d,Public Goods,Public Goods,0xd58bf63c2a565dced209d608c240463f5f3982e9,ethdaily.eth,PG Small Grants,-3.0,-11286.66,ETH,1,Direct
0x54817576bf3777b49b9232836e84c7365768956872a85a545bbd13cc02f792fa,2024-05-29,0xcd42b4c4d102cc22864e3a1341bb0529c17fd87d,Public Goods,Public Goods,0x9531c059098e3d194ff87febb587ab07b30b1306,Rotki,PG Small Grants,-0.25,-940.555,ETH,1,Direct
0x54817576bf3777b49b9232836e84c7365768956872a85a545bbd13cc02f792fa,2024-05-29,0xcd42b4c4d102cc22864e3a1341bb0529c17fd87d,Public Goods,Public Goods,0x83897407f193e2736912b191cc0d98ff53ea5533,modularcrypto.eth,PG Small Grants,-0.25,-940.555,ETH,1,Direct
0x54817576bf3777b49b9232836e84c7365768956872a85a545bbd13cc02f792fa,2024-05-29,0xcd42b4c4d102cc22864e3a1341bb0529c17fd87d,Public Goods,Public Goods,0xbc7797319b3ed4246c7078cc4e8b28ea2c6872d0,dhive.eth,PG Small Grants,-0.25,-940.555,ETH,1,Direct
0x54817576bf3777b49b9232836e84c7365768956872a85a545bbd13cc02f792fa,2024-05-29,0xcd42b4c4d102cc22864e3a1341bb0529c17fd87d,Public Goods,Public Goods,0xd39a979841623a4731fd41b0ba72262f7cc9667c,illuminated.eth,PG Small Grants,-0.25,-940.555,ETH,1,Direct
0x54817576bf3777b49b9232836e84c7365768956872a85a545bbd13cc02f792fa,2024-05-29,0xcd42b4c4d102cc22864e3a1341bb0529c17fd87d,Public Goods,Public Goods,0x2c844b941c67b24c799fd43bad117cdf7f23ef81,glodollar.eth,PG Small Grants,-1.0,-3762.22,ETH,1,Direct
0x54817576bf3777b49b9232836e84c7365768956872a85a545bbd13cc02f792fa,2024-05-29,0xcd42b4c4d102cc22864e3a1341bb0529c17fd87d,Public Goods,Public Goods,0x5219ffb88175588510e9752a1ecaa3cd217ca783,bloomnetwork.eth,PG Small Grants,-0.25,-940.555,ETH,1,Direct
0x54817576bf3777b49b9232836e84c7365768956872a85a545bbd13cc02f792fa,2024-05-29,0xcd42b4c4d102cc22864e3a1341bb0529c17fd87d,Public Goods,Public Goods,0xd48fbaf788ee2831086f074c208cd90269ead050,daveytea.eth,PG Small Grants,-0.25,-940.555,ETH,1,Direct
0x54817576bf3777b49b9232836e84c7365768956872a85a545bbd13cc02f792fa,2024-05-29,0xcd42b4c4d102cc22864e3a1341bb0529c17fd87d,Public Goods,Public Goods,0xe6829705c43530973c9a9394513a18e6a60ea22a,UPE,PG Small Grants,-0.25,-940.555,ETH,1,Direct
0xb284868d8977951e2a848856267ab513ddf31ccc2ac67ee09e1163207ecb9aa6,2024-06-20,0xcd42b4c4d102cc22864e3a1341bb0529c17fd87d,Public Goods,Public Goods,0x9531c059098e3d194ff87febb587ab07b30b1306,Rotki,PG Small Grants,-3.0,-10532.82,ETH,1,Direct
0xb284868d8977951e2a848856267ab513ddf31ccc2ac67ee09e1163207ecb9aa6,2024-06-20,0xcd42b4c4d102cc22864e3a1341bb0529c17fd87d,Public Goods,Public Goods,0x63a556c75443b176b5a4078e929e38beb37a1ff2,apoorv.eth,PG Small Grants,-2.0,-7021.88,ETH,1,Direct
0xb284868d8977951e2a848856267ab513ddf31ccc2ac67ee09e1163207ecb9aa6,2024-06-20,0xcd42b4c4d102cc22864e3a1341bb0529c17fd87d,Public Goods,Public Goods,0xd58bf63c2a565dced209d608c240463f5f3982e9,ethdaily.eth,PG Small Grants,-1.0,-3510.94,ETH,1,Direct
0xb284868d8977951e2a848856267ab513ddf31ccc2ac67ee09e1163207ecb9aa6,2024-06-20,0xcd42b4c4d102cc22864e3a1341bb0529c17fd87d,Public Goods,Public Goods,0xd1b8db70ded72db850713b2ce7e1a4ffafad95d1,pairwise.eth,PG Small Grants,-0.25,-877.735,ETH,1,Direct
0xb284868d8977951e2a848856267ab513ddf31ccc2ac67ee09e1163207ecb9aa6,2024-06-20,0xcd42b4c4d102cc22864e3a1341bb0529c17fd87d,Public Goods,Public Goods,0x3870e55efde6d1dabc3e1c16e5444d0d8952d324,pabl0cks.eth,PG Small Grants,-0.25,-877.735,ETH,1,Direct
0xb284868d8977951e2a848856267ab513ddf31ccc2ac67ee09e1163207ecb9aa6,2024-06-20,0xcd42b4c4d102cc22864e3a1341bb0529c17fd87d,Public Goods,Public Goods,0xd43b89621ffd48a8a51704f85fd0c87cbc0eb299,2118.eth,PG Small Grants,-0.25,-877.735,ETH,1,Direct
0xb284868d8977951e2a848856267ab513ddf31ccc2ac67ee09e1163207ecb9aa6,2024-06-20,0xcd42b4c4d102cc22864e3a1341bb0529c17fd87d,Public Goods,Public Goods,0x83897407f193e2736912b191cc0d98ff53ea5533,modularcrypto.eth,PG Small Grants,-0.25,-877.735,ETH,1,Direct
0xb284868d8977951e2a848856267ab513ddf31ccc2ac67ee09e1163207ecb9aa6,2024-06-20,0xcd42b4c4d102cc22864e3a1341bb0529c17fd87d,Public Goods,Public Goods,0x91657f94740852406d9e57ae156e9a9d510f6d48,easlabs.eth,PG Small Grants,-0.25,-877.735,ETH,1,Direct
0xb284868d8977951e2a848856267ab513ddf31ccc2ac67ee09e1163207ecb9aa6,2024-06-20,0xcd42b4c4d102cc22864e3a1341bb0529c17fd87d,Public Goods,Public Goods,0x97e5552f5ba70fd4b6a537c2a24fc22d7278ccaf,iviangita.eth,PG Small Grants,-0.25,-877.735,ETH,1,Direct
0xb284868d8977951e2a848856267ab513ddf31ccc2ac67ee09e1163207ecb9aa6,2024-06-20,0xcd42b4c4d102cc22864e3a1341bb0529c17fd87d,Public Goods,Public Goods,0xd48fbaf788ee2831086f074c208cd90269ead050,daveytea.eth,PG Small Grants,-0.25,-877.735,ETH,1,Direct
0x72aa103e6f47059adc16be2078ef94f32138db4f02754b0d6961d7ce5622eaf8,2024-07-16,0xcd42b4c4d102cc22864e3a1341bb0529c17fd87d,Public Goods,Public Goods,0x3dbbd0fd05edcb3adc5b7f8f1c758ea36d22e1e4,simona.eth,Salaries,-2300.0,-2300.0,USDC,1,Direct
0xaf185a7378ae071cc0cad6e948d0d231d046496231737c1fad1a31b54c8670cd,2024-07-24,0xcd42b4c4d102cc22864e3a1341bb0529c17fd87d,Public Goods,Public Goods,0x7674d60760918ae89ca71f2ce1af2b2e740e2c8e,eth-mexico.eth,Event,-5000.0,-5000.0,USDC,1,Direct
0x7f0e25b68b4a7c9db23be4f7d786951c471f02383e8c7ef1d4ec722375ba0bac,2024-07-30,0xcd42b4c4d102cc22864e3a1341bb0529c17fd87d,Public Goods,Public Goods,0xcc49c3bd98d95dfb0b3a51e7dff0cb18241afd9d,leticiaferraz.eth,Articles,-2898.7,-2898.7,USDC,1,Direct
0x0efd690b2499870bbd6d226942743392c18b553d18363bddd49ab2ba3cb8ebea,2024-08-09,0xcd42b4c4d102cc22864e3a1341bb0529c17fd87d,Public Goods,Public Goods,0x20e6cdba3a9e4d67bcfca8fe030697b1b8950f6d,0x20e6cd,Discretionary,-3300.0,-3300.0,USDC,1,Direct
0x427000019f3a8298d6ac4b59ec647b56385e2ab50f1d9f89c1ed9b289fbece82,2024-09-04,0xcd42b4c4d102cc22864e3a1341bb0529c17fd87d,Public Goods,Public Goods,0x4f0b0426f2c370b61206172c8d042f54ad384a62,0x4f0b04,Discretionary,-4000.0,-4000.0,USDC,1,Direct
0x94848f0d80d559d3fc7d623a87946f1d27b40fe4011ae09b3b69f993ec10974e,2024-09-04,0xcd42b4c4d102cc22864e3a1341bb0529c17fd87d,Public Goods,Public Goods,0xcc49c3bd98d95dfb0b3a51e7dff0cb18241afd9d,leticiaferraz.eth,Articles,-2700.0,-2700.0,USDC,1,Direct
0xece6b7b88c41e37e9115dae8d46ed94baa4b1acab6a2a8b39e3f86b35728a6c7,2024-09-04,0xcd42b4c4d102cc22864e3a1341bb0529c17fd87d,Public Goods,Public Goods,0x1d921dff757610fbdb0073479e12c0a07d382677,vegayp.eth,Salaries,-4300.0,-4300.0,USDC,1,Direct
0xdb90045634e3654f169b60ab779da3212a229d0e5597921c0208eb7134f4b5c1,2024-10-16,0xcd42b4c4d102cc22864e3a1341bb0529c17fd87d,Public Goods,Public Goods,0x0a64f452d41991e3fdc5e1a45acb94c7b5faf32a,QuestBook,Grant Platform,-3000.0,-3000.0,USDC,1,Direct
0x01cecc1de428185299c5348b312218d75f8f6b7c42b0cb361bfce4acf9d5e1b8,2024-11-24,0xcd42b4c4d102cc22864e3a1341bb0529c17fd87d,Public Goods,Public Goods,0x54becc7560a7be76d72ed76a1f5fee6c5a2a7ab6,simona.eth,Salaries,-5000.0,-5000.0,USDC,1,Direct
0x01cecc1de428185299c5348b312218d75f8f6b7c42b0cb361bfce4acf9d5e1b8,2024-11-24,0xcd42b4c4d102cc22864e3a1341bb0529c17fd87d,Public Goods,Public Goods,0x1d921dff757610fbdb0073479e12c0a07d382677,vegayp.eth,Salaries,-4000.0,-4000.0,USDC,1,Direct
0x01cecc1de428185299c5348b312218d75f8f6b7c42b0cb361bfce4acf9d5e1b8,2024-11-24,0xcd42b4c4d102cc22864e3a1341bb0529c17fd87d,Public Goods,Public Goods,0xd2cc2e47c2aecd01c87b83290c0ee76ba67a7211,coltron.eth,Salaries,-4000.0,-4000.0,USDC,1,Direct
0x80b10aa629605bbe6d5f3baf2e3e3b86c4dbe66ee2421663317b29d01454fa8c,2024-11-29,0xfe89cc7abb2c4183683ab71653c4cdc9b02d44b7,DAO Wallet,DAO Wallet,0xcd42b4c4d102cc22864e3a1341bb0529c17fd87d,Public Goods,Public Goods,226000.0,226000.0,USDC,1,Direct
